time,seconds_elapsed,y,z,x
1772730620646576000,0.545576171875,5.210000038146973,5.738749980926514,0.00624999962747097
1772730620656768000,0.55576806640625,4.597499847412109,5.738749980926514,0.01249999925494194
1772730620666931000,0.565930908203125,4.558749675750732,5.738749980926514,0.01874999888241291
1772730620677063000,0.57606298828125,4.558749675750732,5.738749980926514,-1.2262499332427979
1772730620687225000,0.58622509765625,4.558749675750732,5.777499675750732,-1.3025000095367432
1772730620697357000,0.596357177734375,4.558749675750732,5.816249847412109,-1.341249942779541
1772730620707489000,0.606489013671875,4.558749675750732,5.853749752044678,-1.341249942779541
1772730620717620000,0.616619873046875,4.558749675750732,5.892499923706055,-1.341249942779541
1772730620727752000,0.626751953125,4.558749675750732,5.931250095367432,-1.341249942779541
1772730620737884000,0.6368837890625,4.558749675750732,5.931250095367432,-1.3025000095367432
1772730620748016000,0.64701611328125,4.558749675750732,5.892499923706055,-1.2637499570846558
1772730620758148000,0.657148193359375,4.597499847412109,5.853749752044678,-1.2262499332427979
1772730620768280000,0.667280029296875,4.634999752044678,5.816249847412109,-1.2262499332427979
1772730620778411000,0.677410888671875,4.673749923706055,5.777499675750732,-1.2262499332427979
1772730620788543000,0.68754296875,4.712500095367432,5.777499675750732,-1.2262499332427979
1772730620798675000,0.697675048828125,4.75,5.777499675750732,-1.2637499570846558
1772730620808807000,0.707806884765625,4.827499866485596,5.777499675750732,-1.3025000095367432
1772730620818969000,0.717968994140625,4.903749942779541,5.816249847412109,-1.341249942779541
1772730620829101000,0.72810107421875,4.941249847412109,5.892499923706055,-1.341249942779541
1772730620839233000,0.73823291015625,4.980000019073486,6.543749809265137,-1.3025000095367432
1772730620849365000,0.748364990234375,5.018749713897705,6.582499980926514,-1.2637499570846558
1772730620859497000,0.7584970703125,5.056250095367432,6.619999885559082,-1.2262499332427979
1772730620869628000,0.7686279296875,5.09499979019165,6.697499752044678,-1.1487499475479126
1772730620879760000,0.778759765625,5.09499979019165,6.773749828338623,-1.1112499237060547
1772730620889892000,0.78889208984375,5.09499979019165,7.424999713897705,-1.0724999904632568
1772730620900024000,0.799024169921875,5.09499979019165,7.424999713897705,-1.0337499380111694
1772730620910156000,0.809156005859375,5.133749961853027,7.424999713897705,-0.9962499737739563
1772730620920288000,0.8192880859375,5.133749961853027,7.424999713897705,-0.9962499737739563
1772730620930420000,0.829419921875,5.171249866485596,7.424999713897705,-1.0337499380111694
1772730620940551000,0.839551025390625,5.210000038146973,7.386250019073486,-1.1112499237060547
1772730620950714000,0.849714111328125,5.248749732971191,7.309999942779541,-1.1875
1772730620960846000,0.85984619140625,5.286250114440918,6.734999656677246,-1.2637499570846558
1772730620971008000,0.870008056640625,5.324999809265137,6.697499752044678,-1.3025000095367432
1772730620981140000,0.880139892578125,5.401249885559082,6.658750057220459,-1.3025000095367432
1772730620991272000,0.89027197265625,5.440000057220459,6.582499980926514,-1.3025000095367432
1772730621001403000,0.90040283203125,5.478749752044678,6.50499963760376,-1.341249942779541
1772730621011535000,0.91053515625,5.516249656677246,6.467499732971191,-1.4175000190734863
1772730621021667000,0.9206669921875,5.554999828338623,6.428750038146973,-1.493749976158142
1772730621031829000,0.9308291015625,5.592499732971191,6.428750038146973,-1.53249990940094
1772730621041961000,0.9409609375,5.592499732971191,6.428750038146973,-1.53249990940094
1772730621052093000,0.951093017578125,5.592499732971191,6.467499732971191,-1.53249990940094
1772730621062225000,0.961224853515625,5.592499732971191,6.50499963760376,-1.53249990940094
1772730621072357000,0.971357177734375,5.592499732971191,6.543749809265137,-1.5712499618530273
1772730621082489000,0.981489013671875,5.592499732971191,6.582499980926514,-1.5712499618530273
1772730621092620000,0.9916201171875,5.592499732971191,6.658750057220459,-1.5712499618530273
1772730621102752000,1.001751953125,5.592499732971191,7.424999713897705,-1.647499918937683
1772730621112884000,1.011884033203125,5.592499732971191,7.539999961853027,-1.7237499952316284
1772730621123016000,1.022015869140625,5.592499732971191,8.458749771118164,-1.7237499952316284
1772730621133148000,1.03214794921875,5.592499732971191,8.573749542236328,-1.7237499952316284
1772730621143280000,1.042280029296875,5.592499732971191,9.819999694824219,-1.684999942779541
1772730621153411000,1.0524111328125,5.592499732971191,9.829999923706055,-1.647499918937683
1772730621163574000,1.062573974609375,5.592499732971191,9.84000015258789,-0.9574999809265137
1772730621173706000,1.0727060546875,5.554999828338623,9.84999942779541,-0.8812499642372131
1772730621183837000,1.0828369140625,5.516249656677246,9.800000190734863,0
1772730621193969000,1.092968994140625,5.478749752044678,8.536250114440918,0.00624999962747097
1772730621204101000,1.10310107421875,5.440000057220459,8.458749771118164,0.01249999925494194
1772730621214264000,1.11326416015625,5.401249885559082,7.731249809265137,0.01874999888241291
1772730621224426000,1.123426025390625,4.827499866485596,7.654999732971191,0.02499999850988388
1772730621234558000,1.133557861328125,4.788749694824219,6.927499771118164,0.032499998807907104
1772730621244690000,1.14368994140625,4.75,6.888750076293945,0
1772730621254821000,1.153821044921875,4.712500095367432,6.849999904632568,0.00624999962747097
1772730621264953000,1.163953125,4.634999752044678,6.8125,0.01249999925494194
1772730621275085000,1.1740849609375,4.597499847412109,6.773749828338623,0.01874999888241291
1772730621285217000,1.184217041015625,4.558749675750732,6.773749828338623,0.02499999850988388
1772730621295349000,1.194348876953125,4.519999980926514,6.734999656677246,0.032499998807907104
1772730621305481000,1.20448095703125,4.519999980926514,6.734999656677246,0
1772730621315612000,1.21461181640625,4.519999980926514,6.734999656677246,0.00624999962747097
1772730621325744000,1.224744140625,4.519999980926514,6.734999656677246,0.01249999925494194
1772730621335876000,1.2348759765625,4.519999980926514,6.697499752044678,0.01874999888241291
1772730621346038000,1.2450380859375,4.519999980926514,6.658750057220459,0.02499999850988388
1772730621356201000,1.255200927734375,4.519999980926514,6.619999885559082,0.032499998807907104
1772730621366333000,1.2653330078125,4.519999980926514,6.046249866485596,0
1772730621376464000,1.2754638671875,4.519999980926514,6.007499694824219,0.00624999962747097
1772730621386596000,1.28559619140625,4.519999980926514,5.931250095367432,0.01249999925494194
1772730621396759000,1.295759033203125,4.519999980926514,5.356249809265137,0.01874999888241291
1772730621406890000,1.305889892578125,4.519999980926514,5.317500114440918,0.02499999850988388
1772730621417022000,1.31602197265625,4.519999980926514,5.279999732971191,0.032499998807907104
1772730621427185000,1.326184814453125,4.519999980926514,5.241250038146973,0
1772730621437316000,1.336316162109375,4.558749675750732,5.241250038146973,0.00624999962747097
1772730621447448000,1.346447998046875,4.558749675750732,5.241250038146973,0.01249999925494194
1772730621457580000,1.356580078125,4.558749675750732,5.241250038146973,0.01874999888241291
1772730621467712000,1.3667119140625,4.558749675750732,5.241250038146973,0.02499999850988388
1772730621477874000,1.3768740234375,4.558749675750732,5.241250038146973,0.032499998807907104
1772730621488006000,1.387005859375,4.558749675750732,5.241250038146973,0
1772730621498138000,1.39713818359375,4.558749675750732,5.279999732971191,0.00624999962747097
1772730621508270000,1.40727001953125,4.558749675750732,5.356249809265137,0.01249999925494194
1772730621518402000,1.417402099609375,4.558749675750732,6.046249866485596,0.01874999888241291
1772730621528564000,1.42756396484375,4.558749675750732,6.083749771118164,-0.9962499737739563
1772730621538696000,1.437696044921875,4.558749675750732,6.122499942779541,-0.9962499737739563
1772730621548828000,1.447827880859375,4.558749675750732,6.198750019073486,-0.9962499737739563
1772730621558960000,1.457960205078125,4.597499847412109,6.276249885559082,-0.9962499737739563
1772730621569091000,1.468091064453125,4.634999752044678,6.31374979019165,-0.9574999809265137
1772730621579254000,1.47825390625,4.712500095367432,6.352499961853027,-0.9199999570846558
1772730621589416000,1.488416015625,4.788749694824219,6.389999866485596,-0.8812499642372131
1772730621599548000,1.4985478515625,5.363749980926514,6.389999866485596,-0.8050000071525574
1772730621609710000,1.5087099609375,5.363749980926514,6.389999866485596,0
1772730621619842000,1.518842041015625,5.363749980926514,6.389999866485596,0.00624999962747097
1772730621630004000,1.52900390625,5.363749980926514,6.389999866485596,0.01249999925494194
1772730621640136000,1.539135986328125,5.363749980926514,6.389999866485596,0.01874999888241291
1772730621650268000,1.549267822265625,5.363749980926514,6.389999866485596,0.02499999850988388
1772730621660400000,1.559400146484375,5.401249885559082,6.389999866485596,0.032499998807907104
1772730621670532000,1.569531982421875,5.440000057220459,6.389999866485596,0
1772730621680694000,1.579694091796875,5.478749752044678,6.428750038146973,0.00624999962747097
1772730621690857000,1.58985693359375,5.516249656677246,6.467499732971191,0.01249999925494194
1772730621700988000,1.59998779296875,5.554999828338623,6.543749809265137,-1.341249942779541
1772730621711120000,1.610119873046875,5.592499732971191,7.386250019073486,-1.341249942779541
1772730621721252000,1.620252197265625,5.631249904632568,7.50124979019165,-1.3025000095367432
1772730621731384000,1.630384033203125,5.670000076293945,8.421249389648438,-1.2262499332427979
1772730621741546000,1.6405458984375,5.707499980926514,8.536250114440918,0.00624999962747097
1772730621751709000,1.650708984375,5.746249675750732,9.819999694824219,0.01249999925494194
1772730621761840000,1.660840087890625,5.746249675750732,9.829999923706055,0.01874999888241291
1772730621771972000,1.67097216796875,5.746249675750732,9.84000015258789,0.02499999850988388
1772730621782104000,1.68110400390625,5.784999847412109,9.84999942779541,0.032499998807907104
1772730621792236000,1.691236083984375,5.861249923706055,9.800000190734863,0
1772730621802368000,1.701367919921875,5.9375,9.809999465942383,-1.378749966621399
1772730621812500000,1.7115,6.512499809265137,9.819999694824219,-1.4562499523162842
1772730621822631000,1.721630859375,6.551249980926514,9.829999923706055,-2.0299999713897705
1772730621832763000,1.731762939453125,6.551249980926514,9.84000015258789,-2.0299999713897705
1772730621842895000,1.74189501953125,6.551249980926514,9.84999942779541,-1.9924999475479126
1772730621853027000,1.752027099609375,6.551249980926514,9.800000190734863,-1.8774999380111694
1772730621863189000,1.76218896484375,6.512499809265137,9.809999465942383,-0.9962499737739563
1772730621873321000,1.772321044921875,6.47374963760376,9.819999694824219,-0.8812499642372131
1772730621883453000,1.782452880859375,6.397500038146973,8.114999771118164,0.01874999888241291
1772730621893585000,1.7925849609375,5.746249675750732,8,0.02499999850988388
1772730621903717000,1.802717041015625,5.707499980926514,7.34874963760376,0.032499998807907104
1772730621913848000,1.81284814453125,5.670000076293945,7.309999942779541,0
1772730621923980000,1.82297998046875,5.592499732971191,7.271249771118164,0.00624999962747097
1772730621934112000,1.833112060546875,4.941249847412109,7.194999694824219,0.01249999925494194
1772730621944244000,1.843243896484375,4.903749942779541,6.582499980926514,0.01874999888241291
1772730621954406000,1.853406005859375,4.864999771118164,6.543749809265137,0.02499999850988388
1772730621964538000,1.8635380859375,4.788749694824219,6.50499963760376,0.032499998807907104
1772730621974670000,1.873670166015625,4.75,6.467499732971191,0
1772730621984802000,1.883802001953125,4.712500095367432,6.467499732971191,0.00624999962747097
1772730621994964000,1.8939638671875,4.673749923706055,6.467499732971191,0.01249999925494194
1772730622005096000,1.904095947265625,4.634999752044678,6.467499732971191,0.01874999888241291
1772730622015228000,1.914227783203125,4.634999752044678,6.467499732971191,0.02499999850988388
1772730622025360000,1.92435986328125,4.634999752044678,6.467499732971191,0.032499998807907104
1772730622035492000,1.9344921875,4.634999752044678,6.467499732971191,0
1772730622045623000,1.944623046875,4.597499847412109,6.50499963760376,0.00624999962747097
1772730622055755000,1.954755126953125,4.558749675750732,6.543749809265137,0.01249999925494194
1772730622065887000,1.964886962890625,4.519999980926514,6.582499980926514,0.01874999888241291
1772730622076019000,1.97501904296875,4.482500076293945,6.582499980926514,0.02499999850988388
1772730622086151000,1.98515087890625,4.443749904632568,6.582499980926514,0.032499998807907104
1772730622096283000,1.995282958984375,4.404999732971191,6.582499980926514,0
1772730622106414000,2.0054140625,4.404999732971191,6.543749809265137,0.00624999962747097
1772730622116546000,2.015546142578125,4.404999732971191,6.50499963760376,0.01249999925494194
1772730622126678000,2.025677978515625,4.367499828338623,6.467499732971191,0.01874999888241291
1772730622136840000,2.03583984375,4.367499828338623,6.428750038146973,0.02499999850988388
1772730622146972000,2.045971923828125,4.367499828338623,6.389999866485596,0.032499998807907104
1772730622157104000,2.056104248046875,4.367499828338623,6.352499961853027,0
1772730622167236000,2.066236083984375,4.367499828338623,6.31374979019165,0.00624999962747097
1772730622177368000,2.0763681640625,4.367499828338623,6.276249885559082,0.01249999925494194
1772730622187500000,2.0865,4.367499828338623,6.198750019073486,0.01874999888241291
1772730622197631000,2.096630859375,4.367499828338623,5.586249828338623,0.02499999850988388
1772730622207794000,2.1067939453125,4.404999732971191,5.586249828338623,0.032499998807907104
1772730622217926000,2.11692578125,4.443749904632568,5.586249828338623,-0.8050000071525574
1772730622228088000,2.127088134765625,4.482500076293945,5.586249828338623,-0.8050000071525574
1772730622238220000,2.137219970703125,4.519999980926514,5.586249828338623,-0.8050000071525574
1772730622248352000,2.14735205078125,4.558749675750732,5.625,-0.8050000071525574
1772730622258483000,2.15748291015625,4.597499847412109,5.662499904632568,-0.8050000071525574
1772730622268646000,2.16764599609375,4.634999752044678,5.738749980926514,-0.8050000071525574
1772730622278808000,2.17780810546875,4.712500095367432,6.352499961853027,0
1772730622288940000,2.18793994140625,4.75,6.389999866485596,0.00624999962747097
1772730622299072000,2.198072021484375,4.788749694824219,6.428750038146973,0.01249999925494194
1772730622309204000,2.208203857421875,4.827499866485596,6.428750038146973,0.01874999888241291
1772730622319336000,2.2183359375,4.864999771118164,6.467499732971191,0.02499999850988388
1772730622329467000,2.228466796875,4.941249847412109,6.543749809265137,0.032499998807907104
1772730622339630000,2.238630126953125,5.516249656677246,6.582499980926514,0
1772730622349762000,2.248761962890625,5.516249656677246,6.619999885559082,0.00624999962747097
1772730622359893000,2.25889306640625,5.516249656677246,6.619999885559082,0.01249999925494194
1772730622370025000,2.26902490234375,5.516249656677246,6.619999885559082,0.01874999888241291
1772730622380157000,2.279156982421875,5.516249656677246,6.619999885559082,0.02499999850988388
1772730622390319000,2.289319091796875,5.516249656677246,6.582499980926514,0.032499998807907104
1772730622400482000,2.29948193359375,5.516249656677246,6.543749809265137,0
1772730622410644000,2.30964404296875,5.516249656677246,6.467499732971191,0.00624999962747097
1772730622420776000,2.31977587890625,5.516249656677246,6.428750038146973,0.01249999925494194
1772730622430908000,2.329907958984375,5.516249656677246,6.428750038146973,0.01874999888241291
1772730622441040000,2.340039794921875,5.516249656677246,6.428750038146973,-1.1112499237060547
1772730622451171000,2.350171142578125,5.554999828338623,6.467499732971191,-1.1875
1772730622461334000,2.360333984375,5.631249904632568,7.15625,-1.2637499570846558
1772730622471466000,2.370466064453125,5.707499980926514,7.807499885559082,-1.3025000095367432
1772730622481597000,2.380596923828125,5.746249675750732,7.922499656677246,-1.3025000095367432
1772730622491729000,2.39072900390625,5.746249675750732,9.829999923706055,-1.2262499332427979
1772730622501861000,2.400861083984375,5.746249675750732,9.84000015258789,0.02499999850988388
1772730622511993000,2.4109931640625,5.746249675750732,9.84999942779541,0.032499998807907104
1772730622522125000,2.421125,5.746249675750732,9.800000190734863,0
1772730622532257000,2.431257080078125,5.746249675750732,9.809999465942383,0.00624999962747097
1772730622542389000,2.441388916015625,5.707499980926514,9.819999694824219,0.9574999809265137
1772730622552551000,2.451551025390625,5.631249904632568,9.829999923706055,0.9962499737739563
1772730622562713000,2.461713134765625,4.980000019073486,9.84000015258789,1.0337499380111694
1772730622572845000,2.471844970703125,4.903749942779541,9.84999942779541,1.0337499380111694
1772730622582977000,2.48197705078125,4.252500057220459,9.800000190734863,0.9962499737739563
1772730622593139000,2.492138916015625,4.213749885559082,9.809999465942383,0.9199999570846558
1772730622603302000,2.502302001953125,4.176249980926514,9.819999694824219,0.01249999925494194
1772730622613433000,2.51243310546875,4.176249980926514,8.114999771118164,0.01874999888241291
1772730622623565000,2.52256494140625,4.176249980926514,8,0.02499999850988388
1772730622633697000,2.532697021484375,4.213749885559082,7.079999923706055,0.032499998807907104
1772730622643829000,2.5428291015625,4.252500057220459,7.003749847412109,0
1772730622653991000,2.552990966796875,4.289999961853027,6.31374979019165,0.00624999962747097
1772730622664154000,2.563154052734375,4.328750133514404,6.237499713897705,0.01249999925494194
1772730622674316000,2.57331591796875,4.367499828338623,6.198750019073486,0.01874999888241291
1772730622684448000,2.583447998046875,4.404999732971191,6.16124963760376,0.02499999850988388
1772730622694580000,2.593580078125,4.404999732971191,6.122499942779541,0.032499998807907104
1772730622704712000,2.6037119140625,4.404999732971191,5.547499656677246,0
1772730622714843000,2.6138427734375,4.404999732971191,5.509999752044678,0.00624999962747097
1772730622724975000,2.62397509765625,4.404999732971191,5.471250057220459,0.01249999925494194
1772730622735138000,2.634137939453125,4.404999732971191,5.432499885559082,0.01874999888241291
1772730622745269000,2.64426904296875,4.404999732971191,5.394999980926514,0.02499999850988388
1772730622755401000,2.65440087890625,4.404999732971191,5.394999980926514,0.032499998807907104
1772730622765564000,2.66456396484375,4.404999732971191,5.394999980926514,0
1772730622775726000,2.67472607421875,4.404999732971191,5.394999980926514,0.00624999962747097
1772730622785888000,2.684887939453125,4.404999732971191,5.394999980926514,0.01249999925494194
1772730622796051000,2.695051025390625,4.404999732971191,5.394999980926514,0.01874999888241291
1772730622806213000,2.705213134765625,4.443749904632568,5.432499885559082,-0.8050000071525574
1772730622816345000,2.715344970703125,4.482500076293945,5.509999752044678,-0.8812499642372131
1772730622826477000,2.72547705078125,4.519999980926514,5.547499656677246,-0.9574999809265137
1772730622836608000,2.73560791015625,4.558749675750732,5.625,-1.6087499856948853
1772730622846740000,2.745739990234375,4.597499847412109,6.237499713897705,-1.647499918937683
1772730622856872000,2.755871826171875,4.634999752044678,6.237499713897705,-1.684999942779541
1772730622867004000,2.76600390625,4.673749923706055,6.237499713897705,-2.336250066757202
1772730622877136000,2.776135986328125,4.712500095367432,6.237499713897705,-2.375
1772730622887268000,2.78626806640625,4.75,6.237499713897705,-2.413749933242798
1772730622897399000,2.79639892578125,4.788749694824219,6.276249885559082,-2.413749933242798
1772730622907531000,2.806531005859375,4.827499866485596,6.31374979019165,-2.413749933242798
1772730622917663000,2.8166630859375,4.864999771118164,6.352499961853027,-2.375
1772730622927795000,2.826794921875,4.903749942779541,6.389999866485596,-2.336250066757202
1772730622937927000,2.836927001953125,4.941249847412109,6.389999866485596,-2.2987499237060547
1772730622948059000,2.847058837890625,4.980000019073486,6.389999866485596,-2.2224998474121094
1772730622958191000,2.857191162109375,5.018749713897705,6.389999866485596,-1.493749976158142
1772730622968353000,2.86735302734375,5.056250095367432,6.389999866485596,-1.4175000190734863
1772730622978515000,2.877514892578125,5.09499979019165,6.389999866485596,-1.4175000190734863
1772730622988647000,2.88764697265625,5.133749961853027,6.389999866485596,-1.4175000190734863
1772730622998809000,2.89780908203125,5.171249866485596,6.389999866485596,-1.4175000190734863
1772730623008941000,2.907941162109375,5.210000038146973,6.389999866485596,-1.4175000190734863
1772730623019073000,2.918072998046875,5.248749732971191,6.389999866485596,-1.4175000190734863
1772730623029235000,2.92823486328125,5.248749732971191,6.428750038146973,-1.4562499523162842
1772730623039367000,2.938366943359375,5.248749732971191,6.50499963760376,-1.53249990940094
1772730623049530000,2.948530029296875,5.248749732971191,7.15625,-1.5712499618530273
1772730623059692000,2.958692138671875,5.248749732971191,7.233749866485596,-1.6087499856948853
1772730623069824000,2.968823974609375,5.248749732971191,7.309999942779541,-1.684999942779541
1772730623079956000,2.9789560546875,5.248749732971191,7.961249828338623,-2.336250066757202
1772730623090087000,2.9890869140625,5.286250114440918,8.076250076293945,-2.375
1772730623100250000,2.99925,5.324999809265137,9.829999923706055,-2.413749933242798
1772730623110382000,3.009382080078125,5.324999809265137,9.84000015258789,-2.451249837875366
1772730623120514000,3.01951416015625,5.324999809265137,9.84999942779541,-2.451249837875366
1772730623130676000,3.029676025390625,5.324999809265137,9.800000190734863,-2.413749933242798
1772730623140808000,3.039807861328125,5.324999809265137,9.809999465942383,-2.336250066757202
1772730623150940000,3.04993994140625,5.324999809265137,9.819999694824219,-1.6087499856948853
1772730623161071000,3.060071044921875,5.324999809265137,9.829999923706055,-1.53249990940094
1772730623171203000,3.070203125,5.286250114440918,9.84000015258789,-0.9199999570846558
1772730623181366000,3.080365966796875,5.210000038146973,9.84999942779541,-0.8812499642372131
1772730623191528000,3.09052783203125,4.597499847412109,9.800000190734863,-0.8812499642372131
1772730623201660000,3.100659912109375,4.558749675750732,9.809999465942383,-0.8812499642372131
1772730623211822000,3.110822021484375,4.482500076293945,9.819999694824219,-0.8424999713897705
1772730623221954000,3.1209541015625,3.8687498569488525,9.829999923706055,-0.8424999713897705
1772730623232116000,3.131115966796875,3.831249952316284,9.84000015258789,-0.8812499642372131
1772730623242279000,3.14127880859375,3.7537498474121094,8.536250114440918,-0.9574999809265137
1772730623252441000,3.151441162109375,3.677500009536743,8.458749771118164,-1.5712499618530273
1772730623262603000,3.16160302734375,3.601249933242798,7.807499885559082,-1.6087499856948853
1772730623272735000,3.17173486328125,3.5625,7.69249963760376,-1.647499918937683
1772730623282867000,3.181866943359375,3.5249998569488525,7.118749618530273,-1.684999942779541
1772730623293029000,3.192029052734375,3.5249998569488525,7.079999923706055,-1.7237499952316284
1772730623303192000,3.202192138671875,3.5249998569488525,7.041249752044678,-1.7237499952316284
1772730623313354000,3.21235400390625,3.5249998569488525,7.003749847412109,-1.7237499952316284
1772730623323486000,3.22248583984375,3.5625,6.927499771118164,-1.647499918937683
1772730623333618000,3.232617919921875,3.601249933242798,6.849999904632568,-1.0337499380111694
1772730623343750000,3.24275,3.638749837875366,6.276249885559082,-0.9962499737739563
1772730623353912000,3.252912109375,3.638749837875366,6.237499713897705,-0.9199999570846558
1772730623364044000,3.2630439453125,3.677500009536743,6.198750019073486,0.032499998807907104
1772730623374176000,3.273176025390625,3.716249942779541,6.122499942779541,0
1772730623384307000,3.283306884765625,3.7537498474121094,5.547499656677246,0.00624999962747097
1772730623394470000,3.293469970703125,3.7537498474121094,5.547499656677246,0.01249999925494194
1772730623404602000,3.30360205078125,3.7537498474121094,5.547499656677246,0.01874999888241291
1772730623414733000,3.313733154296875,3.7537498474121094,5.509999752044678,0.02499999850988388
1772730623424896000,3.32389599609375,3.7537498474121094,5.509999752044678,0.032499998807907104
1772730623435058000,3.334057861328125,3.7537498474121094,5.509999752044678,0
1772730623445221000,3.34422119140625,3.7537498474121094,5.547499656677246,-1.0337499380111694
1772730623455383000,3.354383056640625,3.7537498474121094,5.586249828338623,-1.1112499237060547
1772730623465515000,3.364514892578125,3.7925000190734863,5.662499904632568,-1.2262499332427979
1772730623475677000,3.374677001953125,3.831249952316284,6.31374979019165,-1.8387500047683716
1772730623485839000,3.384839111328125,3.9075000286102295,6.389999866485596,-1.8387500047683716
1772730623495971000,3.39497119140625,4.482500076293945,6.467499732971191,-1.8387500047683716
1772730623506134000,3.405134033203125,4.519999980926514,7.079999923706055,-1.8387500047683716
1772730623516265000,3.415264892578125,4.558749675750732,7.118749618530273,-1.8387500047683716
1772730623526428000,3.425427978515625,4.597499847412109,7.118749618530273,-1.7999999523162842
1772730623536560000,3.43556005859375,4.634999752044678,7.118749618530273,-1.7624999284744263
1772730623546691000,3.445691162109375,4.673749923706055,7.118749618530273,-1.7237499952316284
1772730623556854000,3.45585400390625,4.712500095367432,7.118749618530273,-1.647499918937683
1772730623567016000,3.466015869140625,4.75,7.118749618530273,-1.6087499856948853
1772730623577148000,3.47614794921875,4.75,7.118749618530273,-1.5712499618530273
1772730623587310000,3.48631005859375,4.788749694824219,7.118749618530273,-1.53249990940094
1772730623597442000,3.496442138671875,4.788749694824219,7.118749618530273,-1.4562499523162842
1772730623607605000,3.50660498046875,4.788749694824219,7.118749618530273,-1.4175000190734863
1772730623617736000,3.51673583984375,4.788749694824219,7.118749618530273,-1.378749966621399
1772730623627868000,3.526867919921875,4.788749694824219,7.118749618530273,0.00624999962747097
1772730623638031000,3.537031005859375,4.827499866485596,7.118749618530273,0.01249999925494194
1772730623648193000,3.547193115234375,4.864999771118164,7.15625,0.01874999888241291
1772730623658355000,3.55735498046875,4.903749942779541,7.194999694824219,0.02499999850988388
1772730623668518000,3.567517822265625,4.941249847412109,7.233749866485596,0.032499998807907104
1772730623678680000,3.57768017578125,4.980000019073486,7.233749866485596,0
1772730623688842000,3.587842041015625,4.980000019073486,7.233749866485596,0.00624999962747097
1772730623698974000,3.597973876953125,4.980000019073486,7.233749866485596,0.01249999925494194
1772730623709137000,3.608136962890625,5.018749713897705,7.233749866485596,0.01874999888241291
1772730623719299000,3.618299072265625,5.056250095367432,7.233749866485596,0.02499999850988388
1772730623729461000,3.6284609375,5.09499979019165,7.194999694824219,0.032499998807907104
1772730623739624000,3.6386240234375,5.670000076293945,7.194999694824219,-0.8050000071525574
1772730623749755000,3.6487548828125,5.670000076293945,7.194999694824219,-0.8812499642372131
1772730623759918000,3.65891796875,5.670000076293945,7.194999694824219,-0.8812499642372131
1772730623770080000,3.669080078125,5.670000076293945,7.194999694824219,-0.8812499642372131
1772730623780243000,3.679242919921875,5.670000076293945,7.194999694824219,-0.8424999713897705
1772730623790374000,3.689373779296875,5.670000076293945,7.194999694824219,0.032499998807907104
1772730623800537000,3.699537109375,5.670000076293945,7.194999694824219,0
1772730623810669000,3.7096689453125,5.670000076293945,7.194999694824219,0.00624999962747097
1772730623820831000,3.7198310546875,5.631249904632568,7.233749866485596,0.01249999925494194
1772730623830993000,3.729992919921875,5.554999828338623,7.309999942779541,0.01874999888241291
1772730623841156000,3.740156005859375,4.941249847412109,8.03749942779541,0.02499999850988388
1772730623851318000,3.750318115234375,4.903749942779541,8.114999771118164,0.032499998807907104
1772730623861450000,3.760449951171875,4.827499866485596,8.15250015258789,0
1772730623871582000,3.77058203125,4.788749694824219,8.15250015258789,0.00624999962747097
1772730623881713000,3.780712890625,4.75,8.15250015258789,0.01249999925494194
1772730623891845000,3.79084521484375,4.712500095367432,8.15250015258789,0.01874999888241291
1772730623901977000,3.80097705078125,4.712500095367432,8.114999771118164,0.02499999850988388
1772730623912109000,3.811109130859375,4.712500095367432,8.03749942779541,0.032499998807907104
1772730623922241000,3.821240966796875,4.712500095367432,7.271249771118164,0
1772730623932373000,3.831373046875,4.712500095367432,7.233749866485596,0.00624999962747097
1772730623942504000,3.84150390625,4.75,7.15625,0.01249999925494194
1772730623952636000,3.851635986328125,4.788749694824219,6.50499963760376,0.01874999888241291
1772730623962768000,3.861767822265625,4.827499866485596,6.467499732971191,0.8424999713897705
1772730623972900000,3.871900146484375,4.827499866485596,6.428750038146973,0.8424999713897705
1772730623983032000,3.882031982421875,4.864999771118164,6.352499961853027,0.8424999713897705
1772730623993164000,3.8921640625,4.864999771118164,5.586249828338623,0.8424999713897705
1772730624003295000,3.902294921875,4.864999771118164,5.509999752044678,0.8424999713897705
1772730624013427000,3.912427001953125,4.864999771118164,4.896249771118164,0.8050000071525574
1772730624023559000,3.922558837890625,4.903749942779541,4.819999694824219,0.02499999850988388
1772730624033722000,3.93272216796875,4.941249847412109,4.78125,0.032499998807907104
1772730624043853000,3.94285302734375,4.941249847412109,4.743750095367432,0
1772730624053985000,3.952985107421875,4.941249847412109,4.743750095367432,0.00624999962747097
1772730624064117000,3.963116943359375,4.941249847412109,4.743750095367432,0.01249999925494194
1772730624074279000,3.97327880859375,4.941249847412109,4.78125,0.01874999888241291
1772730624084442000,3.983442138671875,4.941249847412109,4.819999694824219,0.02499999850988388
1772730624094574000,3.993573974609375,4.980000019073486,4.896249771118164,0.032499998807907104
1772730624104736000,4.003736083984375,4.980000019073486,5.547499656677246,0
1772730624114868000,4.013867919921875,4.980000019073486,5.586249828338623,0.00624999962747097
1772730624125000000,4.024,5.018749713897705,5.625,0.01249999925494194
1772730624135131000,4.034130859375,5.056250095367432,5.662499904632568,0.01874999888241291
1772730624145263000,4.04426318359375,5.09499979019165,5.701250076293945,0.02499999850988388
1772730624155395000,4.05439501953125,5.09499979019165,5.738749980926514,0.032499998807907104
1772730624165557000,4.064556884765625,5.133749961853027,5.777499675750732,0
1772730624175689000,4.07468896484375,5.210000038146973,5.777499675750732,0.00624999962747097
1772730624185821000,4.084821044921875,5.248749732971191,5.777499675750732,0.01249999925494194
1772730624195953000,4.094952880859375,5.286250114440918,5.777499675750732,0.01874999888241291
1772730624206085000,4.105085205078125,5.324999809265137,5.777499675750732,0.02499999850988388
1772730624216217000,4.115217041015625,5.363749980926514,5.816249847412109,0.032499998807907104
1772730624226348000,4.12534814453125,5.401249885559082,5.853749752044678,0
1772730624236480000,4.13547998046875,5.440000057220459,5.892499923706055,0.00624999962747097
1772730624246612000,4.145612060546875,5.478749752044678,5.931250095367432,0.01249999925494194
1772730624256744000,4.155743896484375,5.478749752044678,5.96875,0.01874999888241291
1772730624266876000,4.1658759765625,5.516249656677246,6.007499694824219,0.02499999850988388
1772730624277038000,4.1760380859375,5.554999828338623,6.046249866485596,0.032499998807907104
1772730624287201000,4.186200927734375,5.592499732971191,6.083749771118164,0
1772730624297363000,4.196363037109375,5.592499732971191,6.122499942779541,0.00624999962747097
1772730624307495000,4.206494873046875,5.592499732971191,6.16124963760376,0.01249999925494194
1772730624317657000,4.216656982421875,5.592499732971191,6.198750019073486,0.01874999888241291
1772730624327789000,4.2267890625,5.631249904632568,6.237499713897705,0.02499999850988388
1772730624337951000,4.236950927734375,5.631249904632568,6.276249885559082,0.032499998807907104
1772730624348083000,4.2470830078125,5.631249904632568,6.31374979019165,0
1772730624358245000,4.2572451171875,5.631249904632568,6.352499961853027,0.00624999962747097
1772730624368408000,4.267407958984375,5.631249904632568,6.352499961853027,0.01249999925494194
1772730624378570000,4.277570068359375,5.631249904632568,6.352499961853027,0.01874999888241291
1772730624388702000,4.287701904296875,5.631249904632568,6.352499961853027,0.02499999850988388
1772730624398834000,4.297833984375,5.670000076293945,6.352499961853027,0.032499998807907104
1772730624408966000,4.3079658203125,5.707499980926514,6.352499961853027,0
1772730624419128000,4.318128173828125,5.784999847412109,6.352499961853027,0.00624999962747097
1772730624429260000,4.328260009765625,5.861249923706055,6.389999866485596,0.01249999925494194
1772730624439392000,4.33839208984375,5.9375,6.467499732971191,0.01874999888241291
1772730624449524000,4.34852392578125,6.014999866485596,7.15625,0.02499999850988388
1772730624459655000,4.358655029296875,6.052499771118164,7.194999694824219,0.032499998807907104
1772730624469818000,4.368818115234375,6.091249942779541,7.233749866485596,0
1772730624479950000,4.3789501953125,6.12999963760376,7.271249771118164,0.00624999962747097
1772730624490081000,4.3890810546875,6.167500019073486,7.34874963760376,0.01249999925494194
1772730624500244000,4.399243896484375,6.206249713897705,7.961249828338623,0.01874999888241291
1772730624510406000,4.409406005859375,6.206249713897705,7.961249828338623,0.02499999850988388
1772730624520538000,4.4195380859375,6.206249713897705,8,0.032499998807907104
1772730624530670000,4.429670166015625,6.167500019073486,8.076250076293945,0
1772730624540802000,4.439802001953125,6.091249942779541,9.809999465942383,0.00624999962747097
1772730624550964000,4.4499638671875,5.401249885559082,9.819999694824219,1.2637499570846558
1772730624561096000,4.460095947265625,5.363749980926514,9.829999923706055,1.2637499570846558
1772730624571228000,4.470227783203125,5.324999809265137,9.84000015258789,1.2637499570846558
1772730624581359000,4.480359130859375,5.248749732971191,9.84999942779541,1.2262499332427979
1772730624591522000,4.49052197265625,4.597499847412109,9.800000190734863,1.1875
1772730624601654000,4.500654052734375,4.597499847412109,9.809999465942383,1.1112499237060547
1772730624611816000,4.51081591796875,4.597499847412109,9.819999694824219,1.0337499380111694
1772730624621948000,4.520947998046875,4.597499847412109,9.829999923706055,0.01874999888241291
1772730624632110000,4.531110107421875,4.597499847412109,8.573749542236328,0.02499999850988388
1772730624642242000,4.541241943359375,4.597499847412109,7.807499885559082,0.032499998807907104
1772730624652374000,4.5513740234375,4.597499847412109,7.769999980926514,0
1772730624662506000,4.561506103515625,4.597499847412109,7.69249963760376,0.00624999962747097
1772730624672638000,4.571637939453125,4.597499847412109,7.616250038146973,0.01249999925494194
1772730624682769000,4.581768798828125,4.558749675750732,6.964999675750732,0.01874999888241291
1772730624692901000,4.591901123046875,4.519999980926514,6.927499771118164,0.02499999850988388
1772730624703033000,4.602033203125,4.482500076293945,6.849999904632568,0.032499998807907104
1772730624713165000,4.6121650390625,4.482500076293945,6.122499942779541,0
1772730624723297000,4.622297119140625,4.482500076293945,6.046249866485596,0.00624999962747097
1772730624733459000,4.632458984375,4.443749904632568,5.356249809265137,0.01249999925494194
1772730624743591000,4.6425908203125,4.443749904632568,5.279999732971191,0.01874999888241291
1772730624753753000,4.652753173828125,4.443749904632568,5.202499866485596,0.02499999850988388
1772730624763916000,4.662916015625,4.443749904632568,4.628749847412109,0.032499998807907104
1772730624774047000,4.673046875,4.443749904632568,4.628749847412109,0
1772730624784179000,4.683178955078125,4.443749904632568,4.628749847412109,0.00624999962747097
1772730624794342000,4.693341796875,4.443749904632568,4.628749847412109,0.01249999925494194
1772730624804504000,4.703504150390625,4.482500076293945,4.628749847412109,0.01874999888241291
1772730624814636000,4.713635986328125,4.519999980926514,4.628749847412109,0.02499999850988388
1772730624824768000,4.72376806640625,4.558749675750732,4.666249752044678,0.032499998807907104
1772730624834930000,4.733929931640625,4.597499847412109,4.704999923706055,0
1772730624845092000,4.744092041015625,4.673749923706055,4.743750095367432,0.00624999962747097
1772730624855224000,4.75422412109375,4.75,4.743750095367432,0.01249999925494194
1772730624865356000,4.76435595703125,4.827499866485596,4.743750095367432,0.01874999888241291
1772730624875488000,4.774488037109375,4.864999771118164,4.78125,0.02499999850988388
1772730624885650000,4.78464990234375,4.903749942779541,4.78125,0.032499998807907104
1772730624895782000,4.794781982421875,4.941249847412109,4.819999694824219,0
1772730624905914000,4.8049140625,4.980000019073486,4.858749866485596,0.00624999962747097
1772730624916046000,4.815046142578125,5.018749713897705,4.896249771118164,0.01249999925494194
1772730624926178000,4.825177978515625,5.056250095367432,4.934999942779541,0.01874999888241291
1772730624936340000,4.835340087890625,5.09499979019165,5.011250019073486,0.02499999850988388
1772730624946472000,4.845471923828125,5.133749961853027,5.662499904632568,0.032499998807907104
1772730624956604000,4.85560400390625,5.171249866485596,5.701250076293945,0
1772730624966735000,4.865735107421875,5.210000038146973,6.352499961853027,0.00624999962747097
1772730624976867000,4.8758671875,5.248749732971191,6.467499732971191,0.01249999925494194
1772730624986999000,4.8859990234375,5.248749732971191,7.309999942779541,0.01874999888241291
1772730624997161000,4.896160888671875,5.248749732971191,7.424999713897705,0.02499999850988388
1772730625007293000,4.90629296875,5.248749732971191,8.267499923706055,0.032499998807907104
1772730625017425000,4.9164248046875,5.248749732971191,8.382499694824219,0
1772730625027557000,4.92655712890625,5.248749732971191,9.809999465942383,0.8050000071525574
1772730625037689000,4.936689208984375,5.248749732971191,9.819999694824219,0.8050000071525574
1772730625047821000,4.946821044921875,5.248749732971191,9.829999923706055,0.01874999888241291
1772730625057952000,4.956951904296875,5.248749732971191,9.84000015258789,0.02499999850988388
1772730625068084000,4.967083984375,5.248749732971191,9.84999942779541,0.032499998807907104
1772730625078216000,4.9772158203125,5.248749732971191,9.800000190734863,0
1772730625088348000,4.987347900390625,5.248749732971191,9.809999465942383,0.8050000071525574
1772730625098480000,4.997480224609375,5.286250114440918,9.819999694824219,0.8812499642372131
1772730625108612000,5.007612060546875,5.324999809265137,8.228750228881836,1.684999942779541
1772730625118774000,5.01777392578125,5.324999809265137,8.228750228881836,1.7237499952316284
1772730625128936000,5.02793603515625,5.286250114440918,8.228750228881836,1.7999999523162842
1772730625139068000,5.03806787109375,5.248749732971191,8.267499923706055,2.413749933242798
1772730625149231000,5.048231201171875,5.171249866485596,8.34375,2.451249837875366
1772730625159393000,5.05839306640625,4.443749904632568,9.819999694824219,2.528749942779541
1772730625169525000,5.06852490234375,4.367499828338623,9.829999923706055,2.5662498474121094
1772730625179687000,5.07868701171875,4.289999961853027,9.84000015258789,2.5662498474121094
1772730625189849000,5.08884912109375,3.601249933242798,9.84999942779541,2.528749942779541
1772730625199981000,5.09898095703125,3.5625,9.800000190734863,1.8387500047683716
1772730625210113000,5.109113037109375,3.5625,9.809999465942383,1.1875
1772730625220245000,5.119244873046875,3.5625,7.961249828338623,1.0724999904632568
1772730625230407000,5.129406982421875,3.5625,7.846250057220459,0.01874999888241291
1772730625240570000,5.139570068359375,3.5625,7.003749847412109,0.02499999850988388
1772730625250701000,5.149701171875,3.5625,6.964999675750732,-0.9962499737739563
1772730625260833000,5.1598330078125,3.5625,6.927499771118164,-1.1112499237060547
1772730625270965000,5.169965087890625,3.601249933242798,6.888750076293945,-1.1875
1772730625281097000,5.180096923828125,3.677500009536743,6.849999904632568,-1.2262499332427979
1772730625291259000,5.1902587890625,3.7537498474121094,6.8125,-1.2262499332427979
1772730625301391000,5.20039111328125,3.7925000190734863,6.773749828338623,-1.2262499332427979
1772730625311523000,5.210523193359375,3.8687498569488525,6.734999656677246,-1.1875
1772730625321655000,5.220655029296875,3.9462499618530273,6.122499942779541,-1.0724999904632568
1772730625331787000,5.230787109375,4.519999980926514,6.083749771118164,0.00624999962747097
1772730625341949000,5.240948974609375,4.519999980926514,5.96875,0.01249999925494194
1772730625352111000,5.251111083984375,4.519999980926514,5.202499866485596,0.01874999888241291
1772730625362274000,5.261274169921875,4.519999980926514,5.164999961853027,0.02499999850988388
1772730625372436000,5.27143603515625,4.558749675750732,5.12624979019165,0.032499998807907104
1772730625382568000,5.28156787109375,4.597499847412109,5.12624979019165,0
1772730625392700000,5.291699951171875,4.634999752044678,5.164999961853027,0.00624999962747097
1772730625402862000,5.301862060546875,4.673749923706055,5.241250038146973,0.01249999925494194
1772730625413024000,5.31202392578125,4.712500095367432,6.122499942779541,0.01874999888241291
1772730625423156000,5.322156005859375,4.788749694824219,6.198750019073486,0.02499999850988388
1772730625433288000,5.332287841796875,4.864999771118164,7.041249752044678,0.032499998807907104
1772730625443420000,5.342419921875,5.478749752044678,7.118749618530273,0
1772730625453552000,5.35255224609375,5.516249656677246,7.769999980926514,0.00624999962747097
1772730625463684000,5.36268408203125,5.554999828338623,7.846250057220459,0.01249999925494194
1772730625473846000,5.372845947265625,5.592499732971191,7.922499656677246,0.01874999888241291
1772730625484008000,5.383008056640625,5.592499732971191,8.497499465942383,0.02499999850988388
1772730625494140000,5.393139892578125,5.631249904632568,8.536250114440918,0.032499998807907104
1772730625504272000,5.40327197265625,5.670000076293945,8.536250114440918,0
1772730625514404000,5.413404052734375,5.707499980926514,8.497499465942383,0.00624999962747097
1772730625524536000,5.4235361328125,5.707499980926514,8.458749771118164,0.01249999925494194
1772730625534668000,5.43366796875,5.707499980926514,8.382499694824219,0.01874999888241291
1772730625544799000,5.443799072265625,5.707499980926514,7.50124979019165,0.02499999850988388
1772730625554962000,5.4539619140625,5.707499980926514,7.424999713897705,0.032499998807907104
1772730625565094000,5.464093994140625,5.707499980926514,6.773749828338623,0
1772730625575256000,5.474256103515625,5.707499980926514,6.734999656677246,0.00624999962747097
1772730625585388000,5.484387939453125,5.707499980926514,6.658750057220459,0.01249999925494194
1772730625595520000,5.49452001953125,5.707499980926514,6.619999885559082,0.01874999888241291
1772730625605682000,5.504681884765625,5.707499980926514,6.582499980926514,0.02499999850988388
1772730625615844000,5.514843994140625,5.707499980926514,6.543749809265137,0.032499998807907104
1772730625625976000,5.52497607421875,5.670000076293945,6.543749809265137,0
1772730625636139000,5.535138916015625,5.670000076293945,6.582499980926514,-0.8424999713897705
1772730625646301000,5.545301025390625,5.670000076293945,6.582499980926514,-0.8424999713897705
1772730625656463000,5.555463134765625,5.670000076293945,6.582499980926514,-0.8424999713897705
1772730625666595000,5.565594970703125,5.707499980926514,6.619999885559082,-0.9199999570846558
1772730625676757000,5.575757080078125,5.746249675750732,6.619999885559082,-0.9574999809265137
1772730625686920000,5.585919921875,5.784999847412109,6.619999885559082,-0.9574999809265137
1772730625697052000,5.596052001953125,5.822499752044678,6.619999885559082,-0.9199999570846558
1772730625707183000,5.60618310546875,5.900000095367432,6.619999885559082,-0.8812499642372131
1772730625717346000,5.616345947265625,5.976249694824219,6.619999885559082,-0.8424999713897705
1772730625727478000,5.62647802734375,6.052499771118164,6.619999885559082,0.02499999850988388
1772730625737640000,5.636639892578125,6.091249942779541,6.619999885559082,0.032499998807907104
1772730625747772000,5.64677197265625,6.091249942779541,6.619999885559082,0
1772730625757904000,5.65690380859375,6.091249942779541,6.619999885559082,0.00624999962747097
1772730625768035000,5.66703515625,6.052499771118164,6.619999885559082,0.01249999925494194
1772730625778198000,5.677197998046875,6.014999866485596,6.619999885559082,0.01874999888241291
1772730625788360000,5.68735986328125,5.9375,6.619999885559082,0.02499999850988388
1772730625798492000,5.697491943359375,5.363749980926514,6.697499752044678,0.032499998807907104
1772730625808654000,5.707654052734375,5.324999809265137,7.616250038146973,0
1772730625818817000,5.717817138671875,5.248749732971191,7.769999980926514,0.00624999962747097
1772730625828979000,5.72797900390625,5.171249866485596,9.819999694824219,-0.9962499737739563
1772730625839141000,5.73814111328125,5.09499979019165,9.829999923706055,-1.0724999904632568
1772730625849304000,5.748303955078125,5.018749713897705,9.84000015258789,-1.1112499237060547
1772730625859436000,5.75843603515625,4.941249847412109,9.84999942779541,-1.1112499237060547
1772730625869598000,5.768597900390625,4.864999771118164,9.800000190734863,-1.0724999904632568
1772730625879760000,5.778759765625,4.252500057220459,9.809999465942383,-1.0337499380111694
1772730625889892000,5.78889208984375,4.252500057220459,9.819999694824219,-1.0337499380111694
1772730625900055000,5.799054931640625,4.252500057220459,9.829999923706055,-1.0337499380111694
1772730625910217000,5.809217041015625,4.252500057220459,8.34375,-1.0724999904632568
1772730625920349000,5.819348876953125,4.252500057220459,7.577499866485596,-1.0724999904632568
1772730625930511000,5.829510986328125,4.252500057220459,6.849999904632568,-1.0724999904632568
1772730625940673000,5.839673095703125,4.252500057220459,6.734999656677246,-1.0724999904632568
1772730625950836000,5.8498359375,4.252500057220459,5.738749980926514,-1.0724999904632568
1772730625960968000,5.859968017578125,4.252500057220459,5.662499904632568,-1.0724999904632568
1772730625971099000,5.870098876953125,4.252500057220459,5.586249828338623,-1.0724999904632568
1772730625981231000,5.880231201171875,4.252500057220459,5.547499656677246,-1.0724999904632568
1772730625991363000,5.890363037109375,4.252500057220459,5.509999752044678,-1.0724999904632568
1772730626001495000,5.9004951171875,4.252500057220459,5.509999752044678,-1.0724999904632568
1772730626011657000,5.910656982421875,4.252500057220459,5.509999752044678,-1.0337499380111694
1772730626021789000,5.920788818359375,4.252500057220459,5.509999752044678,-0.9574999809265137
1772730626031921000,5.9309208984375,4.252500057220459,5.509999752044678,-0.9199999570846558
1772730626042053000,5.94105322265625,4.252500057220459,5.509999752044678,-0.8812499642372131
1772730626052185000,5.95118505859375,4.252500057220459,5.509999752044678,-0.8424999713897705
1772730626062347000,5.961346923828125,4.252500057220459,5.547499656677246,-0.8050000071525574
1772730626072479000,5.97147900390625,4.289999961853027,5.625,-0.8050000071525574
1772730626082641000,5.981640869140625,4.328750133514404,6.237499713897705,-0.8050000071525574
1772730626092773000,5.991773193359375,4.367499828338623,6.276249885559082,0.02499999850988388
1772730626102905000,6.001905029296875,4.404999732971191,6.31374979019165,0.032499998807907104
1772730626113067000,6.01206689453125,4.443749904632568,6.389999866485596,0
1772730626123199000,6.022198974609375,4.519999980926514,6.428750038146973,0.00624999962747097
1772730626133331000,6.0323310546875,4.558749675750732,7.041249752044678,0.01249999925494194
1772730626143493000,6.0424931640625,4.597499847412109,7.041249752044678,0.01874999888241291
1772730626153625000,6.052625,4.634999752044678,7.041249752044678,0.02499999850988388
1772730626163757000,6.062757080078125,4.673749923706055,7.041249752044678,0.032499998807907104
1772730626173889000,6.072888916015625,4.673749923706055,7.041249752044678,0
1772730626184021000,6.08302099609375,4.673749923706055,7.003749847412109,0.00624999962747097
1772730626194183000,6.093182861328125,4.673749923706055,7.003749847412109,0.01249999925494194
1772730626204345000,6.103344970703125,4.673749923706055,7.003749847412109,0.01874999888241291
1772730626214477000,6.11347705078125,4.673749923706055,6.964999675750732,0.02499999850988388
1772730626224609000,6.123609130859375,4.673749923706055,6.964999675750732,0.032499998807907104
1772730626234771000,6.13377099609375,4.673749923706055,6.964999675750732,0
1772730626244903000,6.14390283203125,4.673749923706055,7.003749847412109,0.00624999962747097
1772730626255066000,6.154066162109375,4.673749923706055,7.079999923706055,0.01249999925494194
1772730626265197000,6.164197021484375,4.673749923706055,7.194999694824219,0.01874999888241291
1772730626275360000,6.174360107421875,4.673749923706055,8.03749942779541,0.02499999850988388
1772730626285492000,6.184491943359375,4.712500095367432,8.076250076293945,-0.8050000071525574
1772730626295623000,6.194622802734375,4.75,8.114999771118164,-0.8050000071525574
1772730626305786000,6.2047861328125,4.788749694824219,8.114999771118164,-0.8050000071525574
1772730626315918000,6.21491796875,4.827499866485596,8.114999771118164,-0.8050000071525574
1772730626326049000,6.225049072265625,4.864999771118164,8.076250076293945,0.01874999888241291
1772730626336212000,6.2352119140625,4.903749942779541,8,0.02499999850988388
1772730626346344000,6.245343994140625,4.941249847412109,7.34874963760376,0.032499998807907104
1772730626356475000,6.255474853515625,4.980000019073486,7.271249771118164,0
1772730626366638000,6.26563818359375,4.980000019073486,7.194999694824219,0.00624999962747097
1772730626376770000,6.27577001953125,4.980000019073486,6.467499732971191,0.01249999925494194
1772730626386901000,6.28590087890625,4.980000019073486,6.428750038146973,0.01874999888241291
1772730626397033000,6.296032958984375,4.980000019073486,6.389999866485596,0.02499999850988388
1772730626407165000,6.3061650390625,5.018749713897705,6.352499961853027,0.032499998807907104
1772730626417297000,6.316296875,5.056250095367432,6.276249885559082,0
1772730626427429000,6.32642919921875,5.09499979019165,6.237499713897705,0.00624999962747097
1772730626437591000,6.336591064453125,5.09499979019165,6.237499713897705,0.01249999925494194
1772730626447753000,6.3467529296875,5.09499979019165,6.276249885559082,0.01874999888241291
1772730626457885000,6.356885009765625,5.09499979019165,6.31374979019165,0.02499999850988388
1772730626468048000,6.3670478515625,5.09499979019165,6.389999866485596,0.032499998807907104
1772730626478180000,6.37718017578125,5.09499979019165,6.428750038146973,0
1772730626488311000,6.38731103515625,5.09499979019165,6.467499732971191,0.00624999962747097
1772730626498474000,6.397473876953125,5.09499979019165,6.467499732971191,0.01249999925494194
1772730626508606000,6.40760595703125,5.09499979019165,6.467499732971191,0.01874999888241291
1772730626518737000,6.41773681640625,5.133749961853027,6.467499732971191,0.02499999850988388
1772730626528869000,6.427869140625,5.171249866485596,6.467499732971191,0.032499998807907104
1772730626539032000,6.438031982421875,5.210000038146973,6.428750038146973,0
1772730626549163000,6.4481630859375,5.248749732971191,6.389999866485596,0.00624999962747097
1772730626559295000,6.458294921875,5.248749732971191,6.352499961853027,0.01249999925494194
1772730626569458000,6.4684580078125,5.248749732971191,6.31374979019165,0.01874999888241291
1772730626579589000,6.478589111328125,5.248749732971191,6.276249885559082,0.02499999850988388
1772730626589752000,6.488751953125,5.286250114440918,6.237499713897705,0.032499998807907104
1772730626599884000,6.498884033203125,5.286250114440918,6.237499713897705,0
1772730626610015000,6.509014892578125,5.324999809265137,6.237499713897705,0.00624999962747097
1772730626620147000,6.51914697265625,5.324999809265137,6.276249885559082,0.01249999925494194
1772730626630279000,6.52927880859375,5.324999809265137,6.31374979019165,0.01874999888241291
1772730626640441000,6.539441162109375,5.324999809265137,6.31374979019165,0.02499999850988388
1772730626650604000,6.54960400390625,5.324999809265137,6.31374979019165,0.032499998807907104
1772730626660766000,6.559765869140625,5.363749980926514,6.31374979019165,0
1772730626670929000,6.569928955078125,5.363749980926514,6.31374979019165,0.00624999962747097
1772730626681060000,6.58006005859375,5.363749980926514,6.31374979019165,0.01249999925494194
1772730626691192000,6.590192138671875,5.363749980926514,6.276249885559082,0.01874999888241291
1772730626701355000,6.60035498046875,5.363749980926514,6.237499713897705,0.02499999850988388
1772730626711517000,6.610516845703125,5.363749980926514,6.198750019073486,0.032499998807907104
1772730626721679000,6.62067919921875,5.363749980926514,6.16124963760376,0
1772730626731842000,6.630842041015625,5.401249885559082,6.16124963760376,0.00624999962747097
1772730626741973000,6.640972900390625,5.440000057220459,6.16124963760376,0.01249999925494194
1772730626752105000,6.65110498046875,5.440000057220459,6.16124963760376,0.01874999888241291
1772730626762268000,6.661267822265625,5.440000057220459,6.16124963760376,0.02499999850988388
1772730626772399000,6.671399169921875,5.440000057220459,6.16124963760376,0.032499998807907104
1772730626782562000,6.68156201171875,5.440000057220459,6.16124963760376,0
1772730626792724000,6.691723876953125,5.440000057220459,6.16124963760376,0.00624999962747097
1772730626802887000,6.701886962890625,5.440000057220459,6.16124963760376,0.01249999925494194
1772730626813049000,6.712049072265625,5.440000057220459,6.16124963760376,0.01874999888241291
1772730626823211000,6.7222109375,5.440000057220459,6.16124963760376,0.02499999850988388
1772730626833374000,6.7323740234375,5.440000057220459,6.16124963760376,0.032499998807907104
1772730626843536000,6.742535888671875,5.440000057220459,6.16124963760376,0
1772730626853668000,6.752668212890625,5.440000057220459,6.16124963760376,0.00624999962747097
1772730626863800000,6.762800048828125,5.440000057220459,6.16124963760376,0.01249999925494194
1772730626873931000,6.772930908203125,5.440000057220459,6.16124963760376,0.01874999888241291
1772730626884094000,6.783093994140625,5.440000057220459,6.16124963760376,0.02499999850988388
1772730626894256000,6.793256103515625,5.440000057220459,6.16124963760376,0.032499998807907104
1772730626904388000,6.80338818359375,5.440000057220459,6.16124963760376,0
1772730626914550000,6.813550048828125,5.440000057220459,6.16124963760376,0.00624999962747097
1772730626924713000,6.823712890625,5.440000057220459,6.16124963760376,0.01249999925494194
1772730626934875000,6.833875,5.440000057220459,6.16124963760376,0.01874999888241291
1772730626945037000,6.844037109375,5.440000057220459,6.198750019073486,0.02499999850988388
1772730626955200000,6.854199951171875,5.440000057220459,6.237499713897705,0.032499998807907104
1772730626965362000,6.86436181640625,5.440000057220459,6.31374979019165,0
1772730626975524000,6.874524169921875,5.440000057220459,6.927499771118164,0.00624999962747097
1772730626985687000,6.88468701171875,5.440000057220459,6.964999675750732,0.01249999925494194
1772730626995849000,6.894848876953125,5.440000057220459,7.003749847412109,0.01874999888241291
1772730627005981000,6.90498095703125,5.440000057220459,7.079999923706055,0.02499999850988388
1772730627016113000,6.91511279296875,5.440000057220459,7.69249963760376,0.032499998807907104
1772730627026245000,6.9252451171875,5.440000057220459,7.69249963760376,0
1772730627036407000,6.935406982421875,5.440000057220459,7.731249809265137,0.00624999962747097
1772730627046569000,6.94556884765625,5.440000057220459,7.807499885559082,0.01249999925494194
1772730627056701000,6.955700927734375,5.440000057220459,8.497499465942383,0.01874999888241291
1772730627066833000,6.9658330078125,5.440000057220459,8.497499465942383,0.02499999850988388
1772730627076965000,6.975965087890625,5.440000057220459,8.497499465942383,0.032499998807907104
1772730627087097000,6.98609716796875,5.440000057220459,8.536250114440918,0
1772730627097229000,6.99622900390625,5.440000057220459,8.536250114440918,0.00624999962747097
1772730627107360000,7.006360107421875,5.440000057220459,8.536250114440918,0.01249999925494194
1772730627117492000,7.016491943359375,5.478749752044678,8.458749771118164,0.01874999888241291
1772730627127655000,7.026655029296875,5.516249656677246,7.807499885559082,0.02499999850988388
1772730627137817000,7.036817138671875,5.554999828338623,7.69249963760376,0.032499998807907104
1772730627147949000,7.046948974609375,5.592499732971191,6.849999904632568,0
1772730627158081000,7.0570810546875,5.631249904632568,6.8125,0.00624999962747097
1772730627168243000,7.067242919921875,5.670000076293945,6.734999656677246,0.01249999925494194
1772730627178405000,7.077405029296875,5.707499980926514,6.16124963760376,0.01874999888241291
1772730627188568000,7.087568115234375,5.707499980926514,6.16124963760376,0.02499999850988388
1772730627198700000,7.097699951171875,5.707499980926514,6.16124963760376,0.032499998807907104
1772730627208831000,7.1078310546875,5.707499980926514,6.16124963760376,0
1772730627218994000,7.117993896484375,5.707499980926514,6.198750019073486,0.00624999962747097
1772730627229156000,7.128156005859375,5.707499980926514,6.276249885559082,0.01249999925494194
1772730627239318000,7.138318115234375,5.707499980926514,6.888750076293945,0.01874999888241291
1772730627249481000,7.14848095703125,5.670000076293945,6.964999675750732,0.02499999850988388
1772730627259643000,7.158642822265625,5.631249904632568,7.041249752044678,0.032499998807907104
1772730627269775000,7.168775146484375,5.592499732971191,7.731249809265137,0
1772730627279907000,7.178906982421875,5.516249656677246,7.769999980926514,0.00624999962747097
1772730627290069000,7.189069091796875,5.440000057220459,7.807499885559082,0.01249999925494194
1772730627300201000,7.199200927734375,5.401249885559082,7.807499885559082,0.01874999888241291
1772730627310333000,7.2093330078125,5.363749980926514,7.807499885559082,0.02499999850988388
1772730627320465000,7.21946484375,5.286250114440918,7.807499885559082,0.032499998807907104
1772730627330597000,7.22959716796875,4.673749923706055,7.769999980926514,0
1772730627340759000,7.239759033203125,4.673749923706055,7.69249963760376,0.00624999962747097
1772730627350921000,7.2499208984375,4.673749923706055,7.003749847412109,0.01249999925494194
1772730627361084000,7.260083984375,4.673749923706055,6.964999675750732,0.01874999888241291
1772730627371246000,7.27024609375,4.673749923706055,6.927499771118164,0.02499999850988388
1772730627381408000,7.280407958984375,4.673749923706055,6.849999904632568,0.032499998807907104
1772730627391571000,7.290571044921875,4.712500095367432,6.276249885559082,0
1772730627401733000,7.300733154296875,4.75,6.276249885559082,0.00624999962747097
1772730627411895000,7.31089501953125,4.788749694824219,6.237499713897705,0.01249999925494194
1772730627422058000,7.32105810546875,4.788749694824219,6.198750019073486,0.01874999888241291
1772730627432190000,7.33118994140625,4.788749694824219,6.16124963760376,0.02499999850988388
1772730627442352000,7.34135205078125,4.827499866485596,6.083749771118164,0.032499998807907104
1772730627452484000,7.351484130859375,4.864999771118164,5.471250057220459,0
1772730627462646000,7.36164599609375,4.903749942779541,5.432499885559082,0.00624999962747097
1772730627472808000,7.371807861328125,4.941249847412109,5.432499885559082,0.01249999925494194
1772730627482971000,7.381970947265625,4.980000019073486,5.471250057220459,0.01874999888241291
1772730627493133000,7.392133056640625,5.018749713897705,5.509999752044678,0.02499999850988388
1772730627503295000,7.402294921875,5.018749713897705,5.586249828338623,0.032499998807907104
1772730627513458000,7.4124580078125,5.018749713897705,6.276249885559082,0
1772730627523620000,7.4226201171875,5.018749713897705,6.31374979019165,0.00624999962747097
1772730627533752000,7.432751953125,5.018749713897705,6.352499961853027,0.01249999925494194
1772730627543884000,7.442884033203125,5.018749713897705,6.389999866485596,0.01874999888241291
1772730627554016000,7.45301611328125,5.018749713897705,6.389999866485596,0.02499999850988388
1772730627564148000,7.46314794921875,5.018749713897705,6.389999866485596,0.032499998807907104
1772730627574310000,7.473309814453125,5.018749713897705,6.352499961853027,0
1772730627584472000,7.48347216796875,5.018749713897705,6.31374979019165,0.00624999962747097
1772730627594604000,7.49360400390625,5.018749713897705,6.276249885559082,0.01249999925494194
1772730627604766000,7.503765869140625,5.018749713897705,6.237499713897705,0.01874999888241291
1772730627614929000,7.513928955078125,5.018749713897705,6.16124963760376,0.02499999850988388
1772730627625061000,7.52406103515625,5.018749713897705,6.083749771118164,0.032499998807907104
1772730627635223000,7.53422314453125,5.056250095367432,6.046249866485596,0
1772730627645385000,7.544385009765625,5.09499979019165,6.007499694824219,0.00624999962747097
1772730627655548000,7.5545478515625,5.133749961853027,6.007499694824219,0.01249999925494194
1772730627665680000,7.564679931640625,5.171249866485596,6.007499694824219,0.01874999888241291
1772730627675811000,7.57481103515625,5.248749732971191,6.007499694824219,0.02499999850988388
1772730627685974000,7.58497412109375,5.324999809265137,6.046249866485596,0.032499998807907104
1772730627696136000,7.595135986328125,5.9375,6.122499942779541,0
1772730627706268000,7.605267822265625,5.9375,6.16124963760376,0.00624999962747097
1772730627716430000,7.61543017578125,5.9375,6.198750019073486,0.01249999925494194
1772730627726593000,7.625593017578125,5.976249694824219,6.198750019073486,0.01874999888241291
1772730627736755000,7.6357548828125,6.014999866485596,6.198750019073486,0.02499999850988388
1772730627746917000,7.645917236328125,6.014999866485596,6.198750019073486,0.032499998807907104
1772730627757080000,7.656080078125,6.014999866485596,6.198750019073486,0
1772730627767242000,7.666241943359375,6.052499771118164,6.198750019073486,0.00624999962747097
1772730627777404000,7.67640380859375,6.091249942779541,6.198750019073486,0.01249999925494194
1772730627787536000,7.686535888671875,6.091249942779541,6.237499713897705,0.01874999888241291
1772730627797668000,7.696668212890625,6.091249942779541,6.276249885559082,0.02499999850988388
1772730627807800000,7.706800048828125,6.091249942779541,6.352499961853027,0.032499998807907104
1772730627817962000,7.7169619140625,6.091249942779541,6.927499771118164,0
1772730627828125000,7.727125,6.091249942779541,6.964999675750732,0.00624999962747097
1772730627838287000,7.737287109375,6.091249942779541,7.003749847412109,0.01249999925494194
1772730627848449000,7.747448974609375,6.052499771118164,7.041249752044678,0.01874999888241291
1772730627858612000,7.757612060546875,6.014999866485596,7.079999923706055,0.02499999850988388
1772730627868774000,7.76777392578125,5.976249694824219,7.079999923706055,0.032499998807907104
1772730627878936000,7.77793603515625,5.976249694824219,7.118749618530273,0
1772730627889068000,7.788068115234375,5.976249694824219,7.194999694824219,-1.1112499237060547
1772730627899231000,7.79823095703125,5.9375,7.846250057220459,-1.1487499475479126
1772730627909393000,7.808392822265625,5.9375,7.884999752044678,-1.1875
1772730627919525000,7.818525146484375,5.9375,7.884999752044678,-1.2637499570846558
1772730627929687000,7.82868701171875,5.9375,7.922499656677246,-1.2637499570846558
1772730627939849000,7.838848876953125,5.9375,7.961249828338623,-1.2262499332427979
1772730627950012000,7.849011962890625,5.9375,8,0.00624999962747097
1772730627960174000,7.859174072265625,5.9375,8.03749942779541,0.01249999925494194
1772730627970337000,7.8693369140625,5.9375,8.03749942779541,0.01874999888241291
1772730627980499000,7.8794990234375,5.900000095367432,8,0.02499999850988388
1772730627990661000,7.8896611328125,5.822499752044678,7.922499656677246,0.032499998807907104
1772730628000824000,7.899823974609375,5.248749732971191,7.846250057220459,0
1772730628010986000,7.909986083984375,5.171249866485596,7.194999694824219,0.00624999962747097
1772730628021148000,7.92014794921875,5.133749961853027,7.15625,0.01249999925494194
1772730628031311000,7.93031103515625,5.09499979019165,7.079999923706055,0.01874999888241291
1772730628041473000,7.94047314453125,5.018749713897705,7.041249752044678,0.02499999850988388
1772730628051605000,7.95060498046875,4.980000019073486,7.041249752044678,0.032499998807907104
1772730628061737000,7.960737060546875,4.941249847412109,7.041249752044678,0
1772730628071868000,7.970867919921875,4.903749942779541,7.041249752044678,0.00624999962747097
1772730628082000000,7.980999755859375,4.864999771118164,7.118749618530273,0.01249999925494194
1772730628092132000,7.991132080078125,4.864999771118164,7.15625,0.01874999888241291
1772730628102264000,8.00126416015625,4.864999771118164,7.15625,0.02499999850988388
1772730628112396000,8.01139599609375,4.864999771118164,7.118749618530273,0.032499998807907104
1772730628122528000,8.021528076171874,4.864999771118164,7.041249752044678,0
1772730628132660000,8.031659912109374,4.864999771118164,6.31374979019165,0.00624999962747097
1772730628142791000,8.041791015625,4.864999771118164,6.237499713897705,0.01249999925494194
1772730628152923000,8.0519228515625,4.864999771118164,5.547499656677246,0.01874999888241291
1772730628163055000,8.06205517578125,4.864999771118164,5.509999752044678,0.02499999850988388
1772730628173217000,8.072217041015625,4.903749942779541,5.471250057220459,0.032499998807907104
1772730628183349000,8.082348876953125,4.941249847412109,5.432499885559082,0
1772730628193481000,8.09248095703125,4.941249847412109,5.432499885559082,0.00624999962747097
1772730628203613000,8.102613037109375,4.941249847412109,5.471250057220459,0.01249999925494194
1772730628213745000,8.112744873046875,4.941249847412109,5.547499656677246,0.01874999888241291
1772730628223877000,8.122877197265625,4.941249847412109,6.16124963760376,0.02499999850988388
1772730628234039000,8.1330390625,4.941249847412109,6.198750019073486,0.032499998807907104
1772730628244201000,8.143200927734375,4.941249847412109,6.237499713897705,0
1772730628254333000,8.1533330078125,4.941249847412109,6.276249885559082,0.00624999962747097
1772730628264495000,8.1634951171875,4.941249847412109,6.31374979019165,0.01249999925494194
1772730628274658000,8.173657958984375,4.980000019073486,6.31374979019165,0.01874999888241291
1772730628284790000,8.1837900390625,5.018749713897705,6.31374979019165,0.02499999850988388
1772730628294952000,8.193951904296876,5.056250095367432,6.276249885559082,0.032499998807907104
1772730628305084000,8.204083984375,5.09499979019165,6.198750019073486,0
1772730628315216000,8.2142158203125,5.133749961853027,6.122499942779541,0.00624999962747097
1772730628325347000,8.22434716796875,5.171249866485596,6.083749771118164,0.01249999925494194
1772730628335510000,8.234510009765625,5.171249866485596,6.046249866485596,0.01874999888241291
1772730628345642000,8.24464208984375,5.210000038146973,6.046249866485596,0.02499999850988388
1772730628355774000,8.25477392578125,5.248749732971191,6.046249866485596,0.032499998807907104
1772730628365905000,8.26490478515625,5.248749732971191,6.046249866485596,0
1772730628376068000,8.275068115234374,5.248749732971191,6.046249866485596,0.00624999962747097
1772730628386200000,8.285199951171874,5.286250114440918,6.046249866485596,0.01249999925494194
1772730628396331000,8.2953310546875,5.324999809265137,6.046249866485596,0.01874999888241291
1772730628406463000,8.305462890625,5.363749980926514,6.046249866485596,0.02499999850988388
1772730628416595000,8.315594970703126,5.401249885559082,6.007499694824219,0.032499998807907104
1772730628426727000,8.325726806640626,5.440000057220459,5.96875,0
1772730628436889000,8.33588916015625,5.478749752044678,5.931250095367432,0.00624999962747097
1772730628447021000,8.34602099609375,5.516249656677246,5.892499923706055,0.01249999925494194
1772730628457153000,8.356153076171875,5.516249656677246,5.892499923706055,0.01874999888241291
1772730628467285000,8.366284912109375,5.516249656677246,5.853749752044678,0.02499999850988388
1772730628477417000,8.3764169921875,5.554999828338623,5.777499675750732,0.032499998807907104
1772730628487579000,8.386578857421876,5.592499732971191,5.701250076293945,0
1772730628497741000,8.396740966796875,5.631249904632568,5.662499904632568,0.00624999962747097
1772730628507904000,8.406904052734374,5.631249904632568,5.662499904632568,0.01249999925494194
